<?xml version="1.0"?>
<!DOCTYPE project>

<project name="build-common-node" xmlns:antelope="antlib:ise.antelope.tasks">
	<macrodef name="download-node">
		<sequential>
			<if>
				<os arch="x86_32" family="mac" />
				<then>
					<propertycopy from="nodejs.url[osx32]" name="nodejs.url" />
				</then>
				<elseif>
					<os arch="x86_64" family="mac" />
					<then>
						<propertycopy from="nodejs.url[osx64]" name="nodejs.url" />
					</then>
				</elseif>
				<elseif>
					<os arch="amd" family="unix" />
					<then>
						<propertycopy from="nodejs.url[linux32]" name="nodejs.url" />
					</then>
				</elseif>
				<elseif>
					<os arch="amd64" family="unix" />
					<then>
						<propertycopy from="nodejs.url[linux64]" name="nodejs.url" />
					</then>
				</elseif>
				<elseif>
					<os arch="x86" family="windows" />
					<then>
						<propertycopy from="nodejs.url[windows32]" name="nodejs.url" />
					</then>
				</elseif>
				<elseif>
					<os arch="amd64" family="windows" />
					<then>
						<propertycopy from="nodejs.url[windows64]" name="nodejs.url" />
					</then>
				</elseif>
			</if>

			<if>
				<not>
					<isset property="nodejs.url" />
				</not>
				<then>
					<fail>
.

Unable to automatically detect the current operating system and architecture.
Please manually set the property "nodejs.url" in build.properties to the
location of NodeJS. An example value for OSX on a 64 bit architecture is
${nodejs.url[osx64]}.
					</fail>
				</then>
			</if>

			<if>
				<not>
					<available file="${sdk.tools.dir}/node-v${nodejs.version}" />
				</not>
				<then>
					<antelope:stringutil string="${nodejs.url}" property="nodejs.file.beginindex">
						<antelope:lastindexof string="/" />
					</antelope:stringutil>

					<math
						datatype="int"
						operand1="${nodejs.file.beginindex}"
						operand2="1"
						operation="+"
						result="nodejs.file.beginindex"
					/>

					<antelope:stringutil string="${nodejs.url}" property="nodejs.file">
						<antelope:substring beginindex="${nodejs.file.beginindex}" />
					</antelope:stringutil>

					<if>
						<not>
							<available file="${sdk.tools.dir}/${nodejs.file}" />
						</not>
						<then>
							<mirrors-get dest="${sdk.tools.dir}/${nodejs.file}" src="${nodejs.url}" />
						</then>
					</if>

					<if>
						<contains string="${nodejs.file}" substring=".tar.gz" />
						<then>
							<exec executable="tar">
								<arg line="xfz ${sdk.tools.dir}/${nodejs.file} -C ${sdk.tools.dir}" />
							</exec>

							<antelope:stringutil string="${nodejs.file}" property="nodejs.dir.endindex">
								<antelope:lastindexof string=".tar.gz" />
							</antelope:stringutil>

							<antelope:stringutil string="${nodejs.file}" property="nodejs.dir">
								<antelope:substring endindex="${nodejs.dir.endindex}" />
							</antelope:stringutil>

							<delete dir="${sdk.tools.dir}/node-v${nodejs.version}" />

							<move file="${sdk.tools.dir}/${nodejs.dir}" tofile="${sdk.tools.dir}/node-v${nodejs.version}" />

							<mkdir dir="${sdk.tools.dir}/node-v${nodejs.version}/node_modules" />
						</then>
						<else>
							<move file="${sdk.tools.dir}/${nodejs.file}" todir="${sdk.tools.dir}/node-v${nodejs.version}" />
						</else>
					</if>

					<if>
						<os family="windows" />
						<then>
							<if>
								<not>
									<available file="${sdk.tools.dir}/npm-${nodejs.npm.version}.zip" />
								</not>
								<then>
									<mirrors-get dest="${sdk.tools.dir}/npm-${nodejs.npm.version}.zip" src="${nodejs.npm.url}" />
								</then>
							</if>

							<unzip
								dest="${sdk.tools.dir}/node-v${nodejs.version}"
								src="${sdk.tools.dir}/npm-${nodejs.npm.version}.zip"
							/>
						</then>
					</if>
				</then>
			</if>
		</sequential>
	</macrodef>

	<macrodef name="download-node-module">
		<attribute name="node.module.name" />

		<sequential>
			<if>
				<not>
					<available file="${sdk.tools.dir}/node-v${nodejs.version}/node_modules/@{node.module.name}" />
				</not>
				<then>
					<node-execute
						node.args="install @{node.module.name}"
						node.command="npm"
						node.working.dir="${sdk.tools.dir}/node-v${nodejs.version}"
					/>
				</then>
			</if>
		</sequential>
	</macrodef>

	<macrodef name="node-execute">
		<attribute default="" name="node.args" />
		<attribute name="node.command" />
		<attribute default="" name="node.command.args" />
		<attribute default="${user.dir}" name="node.working.dir" />

		<sequential>
			<download-node />

			<if>
				<not>
					<equals arg1="@{node.command.args}" arg2="" />
				</not>
				<then>
					<echo>@{node.command.args}</echo>
				</then>
			</if>

			<exec dir="@{node.working.dir}" executable="${sdk.tools.dir}/node-v${nodejs.version}/bin/@{node.command}">
				<arg line="@{node.command.args} @{node.args}" />
			</exec>
		</sequential>
	</macrodef>

	<macrodef name="transpile-js">
		<attribute name="module.dir" />

		<sequential>
			<mkdir dir="@{module.dir}/.js-cache" />

			<copy
				file="@{module.dir}/bower.json"
				overwrite="true"
				tofile="@{module.dir}/.js-cache/bower.json"
			/>

			<mkdir dir="@{module.dir}/tmp/transpile" />

			<copy todir="@{module.dir}/tmp/transpile">
				<fileset dir="@{module.dir}/src">
					<include name="**/*.es.js" />
				</fileset>
			</copy>

			<download-node-module
				node.module.name="babel"
			/>

			<download-node-module
				node.module.name="lfr-amd-loader"
			/>

			<download-node-module
				node.module.name="lfr-module-config-generator"
			/>

			<download-node-module
				node.module.name="lfr-module-config-generator"
			/>

			<node-execute
				node.command="node"
				node.command.args="${sdk.tools.dir}/node-v${nodejs.version}/node_modules/lfr-module-config-generator/bin/index.js -c '' -e '' -f /_/g,- -i true -l -m @{module.dir}/.js-cache/bower.json -o @{module.dir}/classes/META-INF/config.json -p **/*.es.js -r @{module.dir}/.js-cache/META-INF/resources @{module.dir}/.js-cache"
				node.working.dir="${sdk.tools.dir}/node-v${nodejs.version}"
			/>
		</sequential>
	</macrodef>
</project>